countries,2000,2001,2002,2003,2004,2005,2006,2007,2008,2009,2010,2011,2012,2013,2014,2015,2016,2017,2018,2019,2020,2021
World,421540469.789481,427528811.027569,429472848.767742,446007373.423676,469541858.82484,486361442.089356,499426131.125613,508496818.097508,522572257.821008,519855558.040467,546367366.282945,562695379.669093,575634903.122609,584231928.73527,594215776.414191,599601268.252637,595571140.149505,610955925.645617,633737109.950002,644767403.225207,618353912.635842,640225404.708288
Afghanistan,12351.2323133586,7922.59861111871,8345.90743726937,8241.01728619849,7460.80106334328,7693.52267403317,8177.34783066043,14435.018284786,14831.5965136381,19603.0845461335,28408.2161995594,43303.9362053954,39556.4314175291,43063.753973061,47255.4309891872,44373.5361907003,52230.6642957417,62776.3956557072,66654.0561547222,58344.841364885,10825.1280909996,43482.1061908625
Albania,64180.9868007062,54188.801265469,54077.9618983616,72708.6916163303,75213.3085148678,74718.6139844075,72221.20742031,45195.631720623,55418.8512761087,67723.1739243678,103913.684629555,80033.2657805031,88664.6505112691,111452.392282618,98080.0401546756,107884.42395423,132257.80942755,87143.562071348,122742.145080716,96431.8494851179,94526.7644512123,126599.793139189
Algeria,6531398.39867187,6509860.50354294,6742396.64111575,7162817.60583807,7281074.4513384,7891511.19052031,7826756.23961773,7522141.21044802,7573616.10487458,7327118.98268314,7309255.90042336,7204440.70911604,7384767.30320907,6868854.28756029,6923012.60618756,7064857.1112019,7291184.74442789,7206422.90602357,7126972.41089877,6831064.63716479,6301605.87216823,7023382.22665073
American Samoa,0.0,0.0,0.0,0.0,0.0,0.0,0.0,0.0,0.0,0.0,0.0,0.0,9.03592034417873,20.1325757796948,20.0671623168324,19.6641309811316,29.2208268941635,48.6011478509403,48.0261424112624,46.9763618379055,46.2800249751763,46.2800249751763
Angola,1711730.31564821,1697815.83072057,2048096.23092792,2064111.13953261,2419267.26537553,2846163.3425167,3227343.27886667,3965463.35855921,4464831.56021095,4286637.61075294,4365824.11943535,4026297.94725657,4105039.38536188,4148694.9623645,4011879.89151567,4167414.61220081,4151958.3847771,4113684.90815361,4024142.64287913,3720800.55730216,3333276.88742022,2979496.34021864
Antarctica,0.0,0.0,0.0,0.0,0.0,21.0990069406948,20.9301980042756,20.8563440945922,20.793040743435,41.1893804862848,41.1724995926429,41.0036906562237,5.01995574676596,5.03314394492371,5.0167905792081,9.83206549056578,9.74027563138784,0.0,0.0,0.0,0.0,0.0
Antigua and Barbuda,0.0,0.0,0.0,0.0,0.0,0.0,0.0,0.0,0.0,0.0,2.05862497963214,5.12546133202796,5.01995574676596,6.03977273390845,6.02014869504972,52.6507107019798,48.7013781569392,59.7016500200951,96.0522848225248,122.138540778554,148.096079920564,180.677217503088
Argentina,3683151.55232637,3860593.66933949,3770546.50128257,3947158.02044456,4063647.28839556,4045176.67117489,4104623.36728275,3932226.20786548,3866874.77324663,3741739.71369509,3671017.913826,3496717.02047578,3383885.45467727,3298990.89474848,3292319.20523769,3312541.41480401,3408118.46842639,3411890.81970409,3500844.92512249,3623126.82089059,3333005.34144039,3411703.18704118
Armenia,36193.5306556395,35024.2555114707,43467.3969450783,43473.312643244,48179.4135401401,49500.7348933416,48882.3223457752,48200.1924958879,46548.1353675229,48954.0956853173,54405.059683828,54446.3651204581,49396.9216176672,48512.1591650511,47857.9770589133,53307.3595287009,49848.1552901067,51705.5842838118,45723.2459207681,47754.5314174507,49313.5851233998,44109.6674004788
Aruba,0.0,0.0,0.0,0.0,0.0,0.0,0.0,0.0,0.0,308.920353647136,1092.10055169485,1163.47972237035,1365.42796312034,1540.14204714666,1595.33940418818,1720.61146084901,1456.28809020006,1396.91363199087,1409.20228108823,1378.39919959256,1357.96700483161,1357.96700483161
Australia,10169471.5485786,10644231.2675842,10890229.6867876,10606484.4222973,10689241.8892408,11350219.8824541,11439827.9577532,11997058.7361188,12091131.3031926,12478757.2280328,13948702.7228269,13481196.8281847,13853569.4123557,14963391.7425662,15910980.8564452,16513531.9693561,16984567.7441663,17798726.6432208,18314891.2550562,19964328.0429694,19707823.2301655,19003994.0706871
Austria,596645.655554316,588176.621147128,587669.937626362,518560.980539521,544869.682256099,536358.205868412,553937.597127073,582135.504864118,582892.193700284,609614.150149308,575343.06153262,532954.095447153,626258.190448102,598312.786375949,594687.754788073,559644.146600573,580958.070367732,579516.1079273,551366.707271256,595166.871086636,572574.831749198,533720.473624291
Azerbaijan,882619.697590608,928720.927001534,927203.945882912,954570.036631324,936476.092068159,1246491.39887636,1748055.13070867,2335113.62450765,2596616.30710499,2901166.60980667,2989620.27122491,2853416.12775029,2740271.13797737,2640618.37520488,2616356.87994504,2642861.95744664,2597340.62822822,2468724.32709858,2509173.73749912,2657245.14040202,2550946.42918168,2849902.02643759
Bahrain,437749.95825984,447961.373731231,469613.659880879,476984.426774184,482555.161228726,513547.308964225,539384.713222026,556939.431208656,917054.384622383,917533.684193967,924472.300434387,939201.433342506,942961.001969809,1038667.0555123,1080966.73300094,1080635.74652932,1073915.99254106,1089156.91749883,1091418.89243114,1157454.91675398,1105937.20894573,1140250.47569084
Bangladesh,369820.004817099,394292.25222193,430089.462054542,482155.563730526,523933.655104387,561148.795784329,614809.452694782,660039.357341978,732177.10872934,794756.858395462,817865.72133295,817682.985049324,894369.210669863,924914.427197823,966776.767637534,1075881.6317162,1187399.78233986,1138117.50310357,1129262.69888096,1118372.70615778,1036188.76518333,988178.49351326
Barbados,4945.19980358649,4128.56998643044,3390.62166524135,3390.62166524135,3435.82206093612,3287.29904856649,3533.23044903017,2994.30434099232,2929.49553473731,2896.30611115522,2909.89248739175,2934.05875270718,3032.61395062718,3163.56716243931,2913.64342195898,3088.95403456437,3159.47031186304,3152.35853076099,3158.2837244293,3254.70316868854,3458.39742546734,3586.60470671521
Belarus,92067.6226175567,91835.9128740922,90306.3334024485,88903.8334709043,89817.9272541585,86600.9532580873,86507.5671627077,86160.128091454,86438.3601381122,82555.3118197151,71788.3170338604,71629.8346236246,71781.7586411957,73015.0671788838,72632.2947724515,63760.6122948363,79562.4038146394,82660.5757054224,86561.0854527924,89793.2532186084,96741.4822869122,155298.823270066
Belgium,519285.096450145,503441.295335817,513774.52054361,512605.787106264,516404.982286247,524398.665082877,524157.137686828,548075.765102532,531166.570416639,576049.803317294,600352.149922529,621493.415900654,557390.069908592,591713.253096289,509819.546585384,441970.988776319,620810.97689493,624383.546392421,491046.48317708,663821.129584169,582966.322717275,733803.47249781
Belize,1186.04124773394,1161.8582513428,1131.72849066644,826.329503038621,860.34808036643,873.235149758004,7030.56054399735,8657.96885298644,10050.0722437374,10894.1042008048,12668.3300033985,11976.6073535869,9257.56660746901,8171.72200206688,7431.10785197856,7285.49943444504,7429.27605029152,5961.01625886681,5525.86870589408,5994.83775018161,3818.33221419316,5083.47108723596
Benin,1658.04348362108,1677.50351030005,1913.69442472004,967.479010186874,10.5674394198419,10.5495034703474,10.4650990021378,10.4281720472961,10.3965203717175,10.2973451215712,10.2931248981607,10.2509226640559,10.0399114935319,20.1325757796948,20.0671623168324,58.9923929433947,97.4027563138784,58.3213774211284,48.9866652594877,75.7258952827037,65.3473952649489,74.6034002599842
Bermuda,0.0,0.0,0.0,0.0,0.0,0.0,0.0,0.0,0.0,0.0,0.0,0.0,0.0,0.0,0.0,0.0,0.0,0.0,0.0,0.0,0.0,0.0
Bhutan,20633.275449521,22229.0245260115,24659.8437513699,27888.2045826912,25923.9738743212,29132.169582062,48421.4195796745,69224.7606198292,73107.3282461927,72714.6255439444,76213.4567414876,73231.1076296379,69447.0973932215,77169.8143136788,73173.2822767338,77511.988244151,78814.6434991929,77204.6435909806,69452.7171868629,87334.773842788,85603.5183842114,86568.4928726689
Bolivia,228090.290802655,292034.070252393,338729.348856799,382839.513529879,532542.596458002,623398.471071802,654410.754799367,692480.763152953,693915.73939241,603778.876858466,673829.122456532,730759.698380464,831580.899578614,948016.921004676,973640.386106279,957913.990926192,918878.343292216,895506.677196411,844943.068246887,758750.367425871,725939.398334175,755793.219316176
Bosnia and Herzegovina,168073.798016489,171442.300240278,177961.606788779,157314.605808287,148817.533754534,150845.075134056,150864.608645513,135131.860814459,153511.874179241,166164.597647126,179591.190845195,153176.604003418,148538.142550017,167553.984758311,154606.213256036,147943.787439002,153922.818586988,146767.992276782,172102.618029161,161523.647459886,143123.722342339,170378.542062295
Botswana,22085.9997444597,21498.6061342347,22391.4444217767,19336.9976486067,21404.6231565987,23143.3082428647,22602.9061214577,19454.4763706517,21381.1274121897,17339.8593738418,23213.7954760917,18514.6465942918,34572.2799371321,35169.7662116424,40346.2297155654,49125.688827585,44277.1071290077,52387.9420902445,51115.1334084961,49832.0111700473,44303.6510338586,46836.7848585873
Brazil,6985939.39801847,6782957.38709451,7385899.27600632,7762305.50880634,7899358.95119682,8485380.31624792,8884387.79776826,9333317.47211918,9729077.14378419,10056485.2936194,10710964.0166917,11087228.2578471,10960419.7891775,10903715.6454022,11445756.7011978,11806854.0604623,12266393.905022,12626981.7510964,12844021.4001362,13454587.8770697,12779663.7653498,12529244.5761468
British Virgin Islands,0.0,0.0,0.0,0.0,0.0,0.0,0.0,0.0,0.0,0.0,11.4356617618566,13.9515057457801,13.6643195426969,13.7002178180823,13.6557039566044,15.3183580343015,15.1753494337023,15.144117670353,14.9649459753494,14.6378343486914,14.4208557822649,15.0480426807285
Brunei,861190.412335931,882861.693684989,836525.711950934,873664.937805527,897378.05275524,910681.657580875,1025998.38844042,911030.268527687,872804.898594789,771045.358270692,793243.550334943,859358.410978101,812539.667660755,762791.481721495,708027.017559745,747233.95156255,718835.450628735,745009.293953442,737514.673513574,767555.469282839,729908.3332454,679840.454654737
Bulgaria,426501.883914274,428617.37494834,452274.230205247,421524.35568016,424238.416699376,549349.002976888,463770.958244089,412085.691908181,420508.970917113,406681.994586469,445608.703480538,506372.897287501,488346.715652882,448986.599842849,484889.99865735,519991.077133067,474429.213324815,489433.099260565,489149.875084884,458352.049921875,411166.623442186,480444.888103158
Burkina Faso,1043.97460099993,577.80028263149,686.917324077009,1025.51428874664,1061.4358850866,1049.33801118851,835.753271409725,1150.2586613329,1399.09093598314,1348.68447995267,1255.76123757561,922.583039765033,1064.23061831438,1167.6893952223,1013.39169700004,1042.19894199997,1509.74272286512,1535.79627208971,2180.38686547131,2010.58828666236,1962.27305894748,2168.01525104096
Burma,175028.443289865,291576.255697913,401133.230231245,445907.91294967,480046.661258368,595280.753912971,594472.542745224,627685.059216517,586873.657845237,556698.402212321,587950.911917771,606009.031093543,613127.585983172,636123.621471789,745177.461499656,828197.396456904,895634.958975349,882231.677667919,844122.868694244,847457.120269531,832460.909405977,802283.746081717
Burundi,1054.73722575251,1242.81570226396,1352.36848177661,1068.24405077775,951.069547785773,1002.202829683,962.789108196676,1209.66795748635,1154.01376126064,1235.68141458854,1512.06004753981,1383.87455964755,1475.86698954919,1489.81060769742,1505.03717376243,1445.31362711317,1509.74272286512,1944.04591403761,1573.22116265117,2189.0984616464,2163.9428957793,2163.9428957793
Cabo Verde,86.100998020613,65.4113527507348,64.3984991322196,53.4122025388875,63.4046365190515,63.2970208220843,73.2556930149645,72.9972043310726,62.3791222303049,72.0814158509984,41.1724995926429,256.273066601398,712.833716040766,835.501894857336,903.022304257458,835.725566698091,808.442877405191,729.017217764105,854.865334920471,779.807606509231,675.688364637574,675.688364637574
Cambodia,505.843363371101,337.958655878796,321.992495661098,456.140209682099,320.19341442121,622.420704750495,680.231435138956,677.831183074245,644.584263046484,466.469734007175,425.106058294038,679.636172626908,5344.24488800704,10310.8986855707,18715.6389347937,20109.5235478542,26038.6788453891,27316.7611610995,46190.8714051584,39970.3072334003,41266.0470693657,41219.3003473627
Cameroon,231500.90711828,213054.079872376,193733.220416354,190780.31722607,192577.318332492,228718.470319893,239011.648010815,230221.044072656,231130.913878422,217874.82067083,200498.181209528,191740.566102261,197653.300820907,187375.863315344,233605.184755358,293528.308693709,281680.236440705,247089.671378302,268460.998026157,301192.92033498,296680.575591027,281201.490179897
Canada,18716530.9956348,18834496.8217154,19181136.7292319,19087898.192185,19504911.3488736,19839696.0006329,20190010.0824514,20562494.4270829,19926609.6218238,19182937.5880154,19232327.2234166,19691281.551134,20133230.0420251,21034320.4274218,21900349.7316309,22065613.0462076,22269165.2198626,23949452.1004497,24908646.1625793,24750408.2504426,23883948.0311488,24694151.7040303
Cayman Islands,0.0,0.0,0.0,0.0,0.0,0.0,0.0,0.0,0.0,0.0,0.0,0.0,0.0,0.0,0.0,0.0,19.4805512627757,87.4820661316925,144.078427233787,159.719630248879,175.86409490567,194.37610489574
Central African Republic,893.297854463859,893.955154260042,880.112821473667,886.642562145532,1310.3624880604,1403.0839615562,1454.64876129715,1418.23139843227,1413.92677055358,1390.14159141211,1380.30804884335,1499.70998575138,1499.96277713367,1383.10795606504,1689.65506707729,1655.71982861128,1650.0026919571,1461.92252735628,1440.78427233787,1409.29085513717,1388.40074925529,1388.40074925529
Chad,0.0,0.0,0.0,86672.416270392,411043.851867977,424507.208592091,379475.736712905,346518.492820039,306411.515234074,287088.80032685,294416.289829998,276258.863010876,251851.8381701,240391.124212529,290853.725989746,295659.849030122,274870.225507088,307566.905610266,316212.9899744,307761.89704568,279245.902323971,211474.8538555
Chile,293562.516665173,329731.180262546,364532.124990859,345640.45716557,340162.675877785,399845.380858887,416724.394282361,352869.838462764,374798.138431885,404681.855780367,356980.952224385,363770.847102005,338671.740070012,376985.802062822,410722.016392722,433850.996642737,436518.560439342,440004.492560764,472926.909049159,463181.619347747,439550.1404104,450076.513245378
China,43533289.7861667,46434587.3401763,48746340.2829339,55669377.4615303,63648497.1488271,70456568.2135169,76161101.3711893,81790384.0359113,86886259.4348004,92631792.5745967,102405526.807979,110764399.267067,117148989.918705,119656018.657436,121243649.844633,120698406.133376,114102311.204697,118236573.500941,124546996.538592,130657324.272086,133994195.492557,142394756.967479
Colombia,3174410.51304246,3171878.99770818,3091839.07736729,3194393.1252238,3314484.04257925,3455915.28474733,3694673.26633579,3728028.67363939,4142477.2187537,4299954.26142928,4645121.79697877,5330142.26922229,5517123.79026074,5610077.71131786,5646136.52197769,5614259.94897414,5467300.4912719,5490971.43630531,5351733.81550284,5343165.22477236,4050535.17146318,4226079.32555301
Comoros,21.5252495051532,21.8037842502449,32.1992495661098,42.72976203111,52.8371970992096,52.7475173517369,52.3254950106889,52.1408602364804,51.9826018585874,51.486725607856,51.4656244908036,51.2546133202796,30.1197344805958,20.1325757796948,20.0671623168324,19.6641309811316,19.4805512627757,3.88809182807522,3.84209139290099,3.75810894703244,0.0,0.0
Congo-Brazzaville,648464.604238884,590642.348927543,577341.050982112,568129.790402494,542092.268323513,529968.671131123,558934.051790103,487632.938069584,550697.604262909,631986.508323238,807630.723770293,707247.14325692,653294.68354192,621770.499742958,600624.183103194,611757.0044782,519170.999438397,603533.253954908,813948.367769325,774530.811786177,666221.097375861,624906.754947492
Congo-Kinshasa,122942.569653957,118808.013371398,116238.008076063,114947.893614566,121911.025359719,121919.701956482,123191.181523769,130894.823992252,122323.853782638,129322.470426912,127221.525262158,124914.854091767,120803.309498654,127298.63317933,132901.783709302,132075.993603568,133191.674456779,134535.759436661,157147.15780903,158405.589761191,162800.213886541,151937.130513358
Cook Islands,1.07626247525766,1.09018921251225,1.07330831887033,1.06824405077775,1.05674394198419,1.05495034703474,1.04650990021378,1.04281720472961,1.03965203717175,1.02973451215712,1.02931248981607,1.02509226640559,1.00399114935319,8.05303031187794,14.5185919362282,34.1369313832444,45.5747496792637,68.0416069913164,153.68365571604,140.929085513717,120.328064935458,146.800239221259
Costa Rica,73110.509944253,73958.4361768308,79492.115499131,77623.3552055689,85281.9490887437,86243.5756308964,87481.2595414932,90021.9226592938,94001.2933829975,90493.0689283677,91300.0178466856,91212.7098647696,94850.3118396952,92229.8433792774,93369.6610766386,106727.517020404,105970.222444808,109197.058991493,108390.873173972,106483.480290625,108464.828453422,117659.68827946
Croatia,191737.170843596,200225.549036731,174291.80239154,180041.185883577,188861.463132694,174849.977944251,168105.999244669,163528.702734369,170705.151381434,188012.030189192,208402.864615912,159853.391380254,151583.762015721,183585.009080469,185681.590803072,156283.257508165,159041.19879451,141250.128970605,172447.772106904,149396.027474674,139569.798040415,154656.193328736
Cuba,138938.093728955,147136.994764087,142689.424100393,160691.91275569,168094.879929298,150552.366051765,148681.000721527,152738.953037082,179541.471189871,175865.397410104,183051.495391806,181481.247862797,180883.93032129,181457.269493735,185250.870658853,178742.10800167,168928.724462571,155174.650096182,149334.780320093,137478.099560444,131727.48400997,125515.125134042
Cyprus,0.0,0.0,0.0,0.0,0.0,10.5495034703474,10.4650990021378,31.2845161418882,424.96723404495,608.050622998335,1009.26202555698,2082.48593995909,2725.06834280245,3363.13714478619,3150.54448374269,3928.05764446339,4136.1009038369,4293.66522589793,4586.81453333832,4836.98498449204,5525.98215251547,7195.95149932023
Czechia,1326951.73960249,1357797.76869751,1364090.40787438,1444431.48927078,1460718.96294382,1409881.81705766,1441060.22474313,1435910.89084235,1402106.74543703,1357011.90206166,1358712.1658399,1422386.25400009,1414420.0075712,1313000.51075421,1212195.46973134,1170344.11635241,1093721.38331089,1115161.35508659,1092856.2138004,1052221.16491097,894661.889910021,900205.285846842
Côte d’Ivoire,97646.94904814,97081.3157138019,95614.2316993763,112519.861262207,126006.838527936,152099.395731248,204985.610616021,192633.136925713,213992.015210603,212757.288134967,177816.260105653,168753.576843093,170561.259479148,176316.93132929,177687.328659084,157352.098880974,193264.317063234,192303.962915134,191901.140027069,206918.395607502,202138.12444908,198644.93139416
Denmark,1207930.59200232,1180916.30425849,1245302.60700836,1250273.44995618,1358207.83045181,1375899.50989278,1289324.24164426,1184327.4142539,1165393.75729671,1033477.03494648,1016894.47323172,914635.75211064,840591.226914734,751409.096989566,742295.400782717,728671.441437093,683210.631644693,720688.161085308,629726.654513144,575565.631297792,433944.015168939,427159.505791393
Djibouti,0.0,0.0,0.0,0.0,0.0,0.0,0.0,0.0,0.0,0.0,0.0,0.0,5.01995574676596,5.03314394492371,5.0167905792081,4.91603274528289,4.87013781569392,4.86011478509403,9.60522848225248,9.3952723675811,9.25600499503526,11.292326093943
Dominica,344.403992082452,294.351087378306,321.992495661098,309.790774725547,359.292940274625,286.946494393449,284.650692858148,222.120064607406,211.049363545865,246.106548405552,246.005685066041,368.008123639607,275.093574922775,376.479167080294,314.623004384457,249.311684644276,363.867476761756,275.636549921823,241.840442726153,198.973078200633,381.143773685562,381.506238841168
Dominican Republic,8922.21591988602,8416.26072059454,10228.6282788342,13609.4292069085,17594.7866340368,20877.4673678175,19098.8056789014,18530.8617280451,15178.9197427075,15821.8707792942,15547.7651586718,16606.4947157706,19668.186615829,22276.6951002323,16625.6439794956,13076.6471024525,19246.7846476224,27760.9756524571,25914.9064451172,21810.983872254,26983.1612975568,27689.7857577771
Ecuador,1006109.75194374,1038786.38714725,993731.847208609,1034413.9668737,1313349.71743087,1317830.01322207,1329506.54384752,1299981.6157503,1302474.97116806,1233891.77884587,1230491.41384597,1283339.20180599,1317368.74926434,1356649.54369316,1434172.34709969,1416329.35169223,1457311.6329637,1453316.0898518,1420561.12119483,1485086.74052606,1358235.34264164,1351415.88979814
Egypt,2689944.98905368,2842821.70222784,2817660.59601386,3010689.73120747,3018317.31506667,3347831.50933266,3778236.09937027,3839593.46107535,3985966.0710775,4137312.44207242,4114369.66205008,4123402.57248915,4110035.61694918,3960875.90719693,3652537.67410032,3510740.51698562,3363819.39159081,3730443.71073185,4139329.96720345,4400373.16562457,4045647.00999088,4393923.88213039
El Salvador,21192.6844002986,23298.4336605992,23413.6990400259,27448.2913870557,26399.3551748977,31640.0049727807,41866.1174709343,40456.1577103866,45067.4030723138,33529.185450348,40010.4057916405,39395.3208902333,38012.1089056612,38110.9659509623,37435.2913020508,34215.5879071689,34215.8545240031,39648.8164167971,39727.2250025963,39929.9075622197,48917.9863987614,51097.5443785994
Equatorial Guinea,354733.598860143,383098.48848264,496957.539862009,485300.668791409,779439.092908333,833877.354144787,803497.679223446,876889.938773479,978331.385699672,960115.85231039,928678.726006794,886424.997651728,892754.662598081,858494.598072906,819262.674368354,800570.329167685,736544.316030953,688762.181515882,638491.276101714,568233.104437979,527215.109735426,526581.710512271
Eritrea,10.7626247525766,10.9018921251225,10.7330831887033,10.6824405077775,10.5674394198419,10.5495034703474,20.9301980042756,20.8563440945922,41.5860814868699,41.1893804862848,41.1724995926429,51.2546133202796,50.1995574676596,60.3977273390845,60.2014869504972,68.8244584339605,68.1819294197149,77.7618365615045,115.26274178703,122.138540778554,138.840074925529,157.352084915599
Estonia,204.489870298956,207.135950377327,321.992495661098,523.439584881098,634.046365190515,1170.99488520856,1360.46287027791,1512.08494685793,2048.11451322834,5571.89344528218,10747.0722924194,12087.8880054547,14831.9612493947,12894.9147868945,14699.2064306609,16085.2591425656,16097.5295096552,18881.4487377946,20025.0043528712,20730.6675395405,23909.7344581713,29199.9309906442
Eswatini,13302.5710730765,11857.9592122794,14792.7351986684,14455.8848002698,15309.9906013908,15031.8217147165,14680.7990817046,15334.0037089429,14753.916044991,11793.0889545784,8035.52567873439,8469.15325571339,8974.59709912428,9089.7255728407,8410.86625108831,7276.68538369286,7960.85612146324,8104.43261846661,7557.81902924082,6622.11748564668,6900.69393885714,6962.38342844743
Ethiopia,18070.4469595761,21990.2066055845,21981.3543704643,24623.0253704271,26894.1333234977,30150.4809182528,34335.9898260141,35403.6441005702,34717.4518108751,36801.9388619023,51102.495660517,64527.6672014348,76033.1844717233,87333.1439224236,95297.7218818137,102482.676360214,121909.661478653,127648.873582285,132368.885295643,133592.317321872,131713.876679851,135814.286892652
Falkland Islands,2.15252495051532,2.18037842502449,2.14661663774065,2.67061012694437,2.64185985496048,2.63737586758684,3.13952970064133,3.12845161418882,20.793040743435,20.5946902431424,51.4656244908036,61.5055359843355,70.2793804547234,70.4640152289319,70.2350681089134,62.925219139621,71.1040121091312,63.1814922062224,64.3550308310916,62.9483248627934,62.0152334667362,62.0152334667362
Faroe Islands,815.645516874019,825.262331979645,1031.32049743612,938.163972714543,1066.80414431188,1142.70111690109,1202.56545653366,1242.68355018808,1121.6805829046,1096.53338996075,831.27276677546,1096.84872505398,1104.39026428851,1117.35795577306,1565.23866071293,1848.42831222637,1529.22327412789,1652.43902693197,1640.57302476872,1456.26721697507,1453.19278422054,1453.19278422054
Fiji,5457.7270120316,5920.81761315401,5979.40064442659,4679.97718645732,4978.32071068753,4653.38598077023,4741.73635786863,6289.23056172427,6280.53795655453,5674.86689649789,4974.66726328108,5423.76318155199,5913.5078696903,5908.91099134044,4861.22993692802,4742.84091166657,5347.65482852271,5476.46482191009,6340.34408453549,6300.46964969989,6382.94104457632,6390.83383441169
Finland,480725.688553062,467678.623626748,441016.21937555,436971.498743438,503715.590832731,488915.647460361,472656.192984685,498691.353431927,531408.280706621,478686.399094125,499293.003625375,497975.131601533,536501.451483494,519233.903760445,526807.317910593,562885.216921985,542980.729816467,556263.764935419,562000.850462498,566607.480647369,573450.947718299,591695.867288013
France,5318342.9693231,5446739.05246046,5429777.7925108,5446212.8088761,5471740.70696336,5432527.40643488,5478941.04619331,5422281.99449038,5535520.24589378,5191267.89247452,5462817.36953408,5468532.42814028,5473978.37191133,5591556.83998655,5664479.03247386,5641234.68343579,5344130.82897475,5222698.69832519,5580464.11861981,5385624.08215347,4864251.60672488,5107129.03899846
French Guiana,0.0,5778.0028263149,5892.46267059809,6099.67352994095,6266.49157596626,6498.49413773399,6687.19826236604,6913.8780673573,7163.20253611334,7321.41238143712,7699.25742382422,7165.39494217509,0.0,0.0,0.0,0.0,0.0,0.0,0.0,0.0,0.0,0.0
French Polynesia,1248.46447129889,1144.69867313786,1406.03389772013,1645.09583819774,1881.00421673186,1888.36112119218,2093.01980042756,2325.48236654703,2204.06231880411,2172.73982065152,2854.28353425997,2360.78748953208,2121.43329858329,1714.28882764102,1952.07334869451,1956.69901740848,2113.67877311369,2061.54404908205,1940.66917823974,2067.8994481046,2055.75870939733,2083.52672438244
Gabon,727960.248462191,624885.981500612,582982.888820609,560506.684017617,556843.115436527,616320.508742813,551656.654548099,565224.593941313,576587.068551723,561859.620714054,569973.119325883,558611.787466111,547100.722534064,520699.499683866,523233.122530018,507516.441165471,503432.201651932,478946.577401459,473414.254181485,485022.810512316,423622.480516102,423990.272366871
"Gambia, The",0.0,0.0,0.0,0.0,0.0,10.5495034703474,10.4650990021378,20.8563440945922,20.793040743435,31.9217698768707,33.9673121639304,36.9033215906013,31.123725629949,31.205492458527,31.1041015910902,30.4794030207539,30.1948544573023,30.132711667583,29.7762082949827,29.1253443395014,28.6936154846093,28.6936154846093
Georgia,69443.9507945374,66706.3446432712,75861.9407347129,76275.0109697292,68721.9771277618,70312.3793356274,57869.5172860987,73259.3153583806,76454.9112230479,80949.7062549123,99810.7803490346,85003.5944882805,78788.2221527463,92300.4998512567,90546.8983585868,89951.233281653,96485.7347394936,95482.5241122232,99075.8887542895,85242.7425747752,79898.9409608206,98969.025302267
Germany,5764190.9919092,5721491.3486049,5751273.23037089,5737038.94364581,5838529.0024785,5743467.18356946,5808454.11102308,5800744.15530221,5626440.6823828,5306339.85285253,5350114.34009082,5218786.88947361,5266849.66759923,5194155.10182828,5178892.98328644,5247765.66912913,5045489.07077586,5166446.27409942,5049184.39825101,4724547.6177583,4269323.49410581,4306480.67772409
Ghana,86626.6162958297,87485.1901520722,69666.8994311605,57235.7038476653,71439.8406072436,72655.6331639544,72037.5540140374,52299.7938501191,77681.3379100613,83984.6403847255,87888.4905270154,251793.708812844,259984.440794383,306061.930917755,325556.212941161,318989.150416417,304340.79669015,435313.208772891,494268.921858984,584433.928889379,626064.536033776,592624.176797421
Gibraltar,0.0,0.0,0.0,0.0,0.0,0.0,0.0,0.0,0.0,0.0,0.0,0.0,0.0,0.0,0.0,0.0,0.0,0.0,0.0,0.0,0.0,0.0
Greece,411509.804712929,412186.414440103,437342.381499901,448162.138153147,456957.848061538,456663.989804102,443610.247416814,420229.689345632,426891.205925154,447297.62193793,431068.345418803,415995.851997538,450974.615930656,450441.037748835,413071.707475947,402219.420326117,336084.785927756,347938.625775526,352947.103391538,307806.702849235,239064.825859282,266700.100405778
Greenland,1840.4088326906,1722.49895576935,1953.42114034399,1922.83929139995,2028.94836860965,2141.54920448052,2051.159404419,2127.3470976484,2100.09711508693,2728.79645721637,3015.88559516109,3434.05909245873,3433.64973078792,3764.79167080294,3933.16381409915,4119.63544054706,3866.88942566097,3732.56815495222,3974.83565052572,3758.10894703244,4628.00249751763,4628.00249751763
Grenada,0.0,0.0,0.0,0.0,0.0,0.0,0.0,1.04281720472961,1.03965203717175,1.02973451215712,17.4983123268732,17.4265685288951,25.5114151050646,25.5784375281023,25.4953297235356,15.1217167244902,24.4773126616776,31.9309541380678,33.5702735454724,39.4601439438406,38.8752209791481,47.0205053747791
Guadeloupe,1356.09071882465,1177.40434951323,1373.83464815402,2286.04226866438,2472.78082424301,2299.79175653573,2344.18217647886,2367.19505473621,2193.66579843239,2255.11858162409,2243.90122779904,2388.46498072503,0.0,0.0,0.0,0.0,0.0,0.0,0.0,0.0,0.0,0.0
Guam,0.0,0.0,0.0,0.0,0.0,0.0,0.0,0.0,0.0,1.02973451215712,2.05862497963214,2.05018453281118,6.02394689611915,20.1325757796948,26.2679154727336,303.614182348671,646.199106213163,589.356959299643,662.395766593096,647.916773013128,638.312616467622,776.705070991591
Guatemala,82823.0507386455,80591.2630313803,70743.6746280096,96061.3154952633,89552.8054125231,84838.0489238921,96121.874437635,89332.5984876116,89484.3222364073,74975.7156065747,78458.275995649,78400.9181667226,89718.9873367083,94565.7424436052,99315.67292661,93403.5374485656,98021.5098386695,110969.795851911,107181.237575093,97754.9098481323,104891.829704933,102919.190697275
Guinea,4369.62564954611,5952.43310031686,6321.78599814622,4230.24644107989,5801.52424149321,5158.70719699987,4772.08514497483,5558.21570120881,5447.77667477996,5332.99503846172,4970.55001332181,4242.85689065275,4888.43290620069,4851.95076290646,4284.33915464372,8868.52307249033,10761.4461285825,11985.5582322091,7319.41462895996,12317.2020738988,23056.7084426328,18706.3860949663
Guinea-Bissau,0.0,0.0,0.0,0.0,0.0,0.0,0.0,0.0,0.0,0.0,0.0,0.0,0.0,0.0,3.01007434752486,9.83206549056578,9.74027563138784,9.72022957018806,19.210456964505,18.7905447351622,18.5120099900705,18.5120099900705
Guyana,441.267614855641,512.388929880756,601.052658567383,544.804465896652,591.776607511148,476.837556859702,474.068984796841,494.295355041834,472.002024875974,468.52920303149,486.329565188298,556.96338110615,706.870008613608,860.556885415166,798.201481895484,638.622149808719,831.819538920522,849.548064434437,877.917883277877,886.913711499656,873.766871531329,873.766871531329
Haiti,3013.53493072145,3052.52979503429,2758.40237949674,2691.97500795993,2715.83193089937,2763.96990923101,2804.64653257292,1585.082151189,1860.97714653743,2110.9557499221,1801.29685717813,1230.11071968671,2207.77653742767,1418.3399636795,902.018946141616,827.564952340922,704.124525393027,1251.28515257031,1902.12339634046,1662.96320906185,1009.83014495835,1237.15762763641
Honduras,24086.7541962665,20648.1836849819,17280.2639338123,18801.0952936884,15439.028992389,19622.0764548461,22929.0319136839,24370.6380745309,25627.4227162836,30243.3026220546,32907.1202994198,31460.0816559876,34808.3731480752,34024.0530676843,36371.7316992587,43949.332742829,51448.1358849906,59843.6820145747,64965.3758645394,60279.8890002254,57364.3408688659,60527.2955742694
Hong Kong,0.0,0.0,0.0,0.0,0.0,0.0,10.4650990021378,10.4281720472961,10.3965203717175,20.5946902431424,587.064621644587,1678.33973756366,658.669888321523,1021.53203948768,4803.83278565371,904.068919663257,1549.59956780954,1652.9929312546,1572.54808765988,1674.05817640801,1462.44878921557,1491.21404617884
Hungary,452048.107679263,449332.933704941,416633.982212283,387996.005076972,398893.770466655,404113.468899983,397781.954779061,388756.358727268,399980.017744487,417378.191843453,417683.891433977,405286.408288785,390239.11312021,379459.162077121,378565.124925286,378978.896007523,389515.873309733,384838.914225786,390073.547190284,389502.66423205,363823.824931263,364067.360283912
Iceland,81957.387490871,86811.7669923502,89513.9137937852,89978.1963970099,90330.4721608087,90841.7743831613,103112.620468064,124001.393814398,169889.539394235,172058.339636333,172348.073001678,172717.775464833,173623.344585294,181146.015745362,178600.909787366,182424.162776088,176967.249758638,183170.047268834,186635.572506987,179610.662027,173787.29914812,178275.547077418
India,9076977.81627417,9396418.59928114,9947659.68599789,10435180.3334673,11006397.7796587,11655358.7752495,12331037.0215134,12810068.1996518,13162999.75937,13587109.0898969,14790969.1484547,15232324.8995788,15210518.0733814,15442754.0877598,15946251.6387868,16323877.2429478,17290646.0474205,17765487.6714922,18837537.336982,19330924.475727,18958817.2965881,20032907.4375126
Indonesia,7911062.81353141,7734122.35177958,7917445.83644632,8178563.09934381,8464561.72276141,8847185.05184561,9935709.21239521,10877875.5808644,11440715.7359208,11791331.7679726,13568050.8827193,13034143.5303586,13636724.8758743,15533220.4599221,15192099.6961213,15169301.1275876,15103780.9321356,15037145.4741187,16958591.0086405,17990409.745773,16220559.8118496,17169703.8867212
Iran,10973480.600551,11262041.2636537,11021637.714263,11983983.0676336,12723037.6256641,13835463.8226812,13841133.075884,13709315.7524941,14090716.9538598,15047730.4298177,15461311.6826427,15685858.8128028,14508443.1296737,14032533.1621968,14830809.7991779,15375907.1329627,18065345.4667528,19338160.2625446,19376638.0300524,16810366.2844972,16478872.8780672,17623388.5183774
Iraq,5931923.41609059,5504430.94973366,4665109.1354442,3000608.00925653,4619180.6290444,4352656.64006815,4636172.14954207,4814602.40271925,5469896.43659208,5457126.12759638,5557219.57511063,6032978.84039615,6847462.59706181,7008731.49851426,7701838.86961151,9235957.69585995,10181119.1034865,10518798.4049857,10896431.9168327,11173140.4055435,9689659.57890533,9748930.73506435
Ireland,58580.5276355904,42681.4460384796,45928.5911775995,38145.9746085281,46715.4454177439,41241.3264988064,45035.9278864782,47351.222702291,55678.6485061115,59649.5162603264,51774.8378030471,65368.0647852733,62101.7736447668,64903.4379553782,71484.4538645824,83975.6379017723,190906.678294929,221929.159335322,227695.364561662,212633.91130669,201790.451571466,165187.983622128
Israel,903.641815469852,787.538628490001,943.649900460706,1340.56821881751,25522.3422657774,26322.607807497,37137.0981034853,43548.5044494597,54965.8198297209,45828.902591335,61462.2704451481,103722.040268701,58390.3793810349,181184.866297295,313650.210242788,339001.225270776,382799.475250724,400984.228392757,412184.332457016,422036.347097307,590682.146043142,726217.3722329
Italy,1402592.70021883,1370435.84263768,1293584.03547366,1246588.54904046,1335639.7663999,1265514.49420292,1237797.98520158,1149640.67069661,1237503.76837181,1263682.35746397,1387950.75574555,1448252.58830138,1522652.85245574,1697529.31962644,1771824.80574066,1607114.23776394,1475684.6573542,1445007.74230996,1560054.89398417,1319808.83653376,1489520.99345306,1417403.69818972
Jamaica,2335.48957130913,1569.87246601763,3937.88255139999,5137.76539338121,4875.76337350009,5508.29151331869,9813.95862202312,9299.02331484206,11487.7680162611,2296.30796211038,2295.36685228984,2757.49819663104,2881.45459864366,2657.50000291972,2949.87286057436,2890.62725422634,5762.07013143068,4626.82927540952,5245.93395649612,5084.8341486033,5179.48453112683,5620.98671338501
Japan,4571623.79708411,4527865.30723754,4217010.82573548,3792039.29358859,4221496.55908527,4223576.83690963,4472339.22585556,4090963.30838596,3831565.87704976,4051614.16716225,4282941.17994316,2970707.11052806,1401979.84272773,1449988.29417466,1479369.87860006,1645890.31665962,1808311.41105626,2110896.37016321,2342921.4406841,2580463.69257567,2412632.63222256,2705894.55213678
Jordan,11857.0715902293,11906.2770198785,12783.1099108146,12673.2469448813,12783.8644083519,11643.9786091527,13146.6706047659,8602.52595102062,7361.83758496936,7615.21829435932,7656.10381876005,6921.03220789762,6363.54679688228,5847.5721349246,5209.95507035816,7026.55426771263,12472.5262804835,17489.5356453035,24404.551086136,31444.1874026633,45339.8818125676,52906.9404814731
Kazakhstan,4168700.97984033,4504432.62763589,4762937.80055652,5013719.44758921,5556234.80744911,5864865.57144077,6409946.13308371,6720549.95676906,6811437.85318308,7056044.08080067,7521652.46704725,7803286.11592942,7864596.58959444,7958867.58568788,7979123.85100219,7963535.72568318,7766793.86833774,8151654.10237552,8574292.24875967,8471249.68264269,8134837.2017468,7661528.55520262
Kenya,22138.7191160501,34613.5074972638,40678.3852851854,46254.9673986766,44288.1386085575,45531.6569780193,47867.3628357782,49950.9441065482,42906.439574078,38727.4857134634,52828.3385003565,53603.4379990996,62435.9944957712,62499.9873042098,68887.0696092053,85165.9673726257,82096.1677699659,80979.2325492367,93971.7923332689,96238.5934428435,100508.181439589,100743.938208664
Kiribati,0.0,0.0,0.0,0.0,0.0,4.21980138813895,4.18603960085511,4.17126881891843,5.19826018585874,5.1486725607856,7.2051874287125,7.17564586483914,8.03192919482554,8.05303031187794,12.7727488146638,38.3647195441877,47.113713229023,47.0167504309996,46.4604901686552,45.4449324419898,44.7712961609856,44.7712961609856
Kuwait,5312839.52382741,5079028.43830687,4832743.63077423,5425062.17655447,6020519.26455933,6456491.14354083,6474838.00460833,6313916.31491814,6638576.2099429,6042937.54132264,5945020.25900324,6599722.39582953,6953367.97070171,7115472.36437644,7047372.56901674,7508708.04243846,7817131.47873773,7437654.82327465,7555126.89539344,7524702.66321213,6977123.06750669,6904864.15963564
Kyrgyzstan,157882.661016789,147200.720757482,126057.921118085,154014.554779354,159398.117009746,144807.984678601,140075.772325076,141017.642365353,115683.516212461,117083.090893082,125455.940753064,159919.745360824,162726.820134731,157670.147243934,165414.586525938,141576.743248516,144315.78602397,170441.371328935,178337.173802853,173930.026208452,184295.262784934,157621.923950519
Laos,40368.4028354656,41445.3639719641,40420.8990307591,36790.1368372508,39464.3737953173,45354.5571293869,46786.203459222,45450.3858948709,50127.3556041903,47586.2212952854,102968.335081665,150992.528277522,151295.048716422,178635.975055903,178359.908207433,242663.53406892,462463.161319211,494819.655808555,568586.86154888,526189.917216432,589061.088217551,582233.981034786
Latvia,30081.5361834517,30645.2187637192,26392.6515610213,24729.8497755049,33721.1165688109,36024.8392524423,29415.9115218171,29992.4090742346,34642.9404325866,38549.2371483666,39323.4431110342,33778.7131474018,44351.5231863547,37345.7358602036,30482.1899402381,29632.6547327142,35800.8637244102,55249.4793908021,37279.8926505142,33144.2754321797,33589.4941714873,33144.7468338778
Lebanon,4789.3680148966,3597.62440129041,7201.89881961989,14410.6122449918,11719.2903166047,10929.2855952799,7199.98811347079,6037.91161538443,3836.31601716375,6343.16459488786,8563.87991526972,8180.23628591662,10130.2706969737,12814.3844837758,2147.18636790107,4984.85720371685,4198.05879712816,4887.81743936907,4500.24164850493,10475.8790142108,11195.9803379497,10440.7736343998
Lesotho,3099.63592874207,3107.0392556599,3370.18812125282,3471.79316502769,3138.52950769305,4842.22209288945,5494.17697612233,5777.20731420203,6071.56789708301,6672.67963877814,7143.42867932354,5022.9521053874,4879.39698585651,5184.13826327142,5227.49578353484,5242.35899891477,5094.43688293352,5245.75517306167,5183.69207593113,4707.03145615813,4637.25850251267,4639.29482361157
Liberia,0.0,0.0,0.0,0.0,0.0,0.0,0.0,0.0,0.0,0.0,0.0,0.0,0.0,0.0,0.0,0.0,0.0,29.1606887105642,38.4209139290099,37.5810894703244,37.024019980141,37.024019980141
Libya,3479234.55584007,3384045.30508424,3283431.77979883,3482574.69681417,3807612.59085235,4261530.95820557,4590999.52188682,4810595.61059687,4875783.20102224,4646621.11091172,4693419.06746852,1447888.2747919,3865774.93296298,2785964.83119865,1743102.00821504,1534695.54399061,1436731.0308686,2570175.91195708,2857634.34353666,3193218.46601521,1429075.25682635,3349618.86742922
Lithuania,107181.272744114,146601.315603145,174961.007348145,186580.492189846,179891.618744448,122530.247195079,103033.552577468,116524.284906328,119053.508707809,129386.071765764,18664.6186949337,19762.4413098608,20854.2120733385,25022.3388667618,24739.1754439369,26346.6757658306,30469.1109527631,35070.6515938538,30902.1820526062,32113.3130152869,26127.7702086959,25872.6111561089
Luxembourg,2152.52495051532,2190.73522254336,1974.35065256196,1794.65000530662,2409.37618772396,2521.33132941302,2930.22772059858,3170.16430237801,2931.81874482433,2739.09380233794,3182.97389163293,3144.95232056436,3662.0075177083,4265.74048764119,4511.28872686593,4842.99033075348,5082.23231756739,6554.2244361934,7274.03856908696,8198.29587740653,9700.27472278696,9664.49193307666
Macau,0.0,0.0,0.0,0.0,0.0,0.0,0.0,0.0,0.0,0.0,0.0,0.0,0.0,0.0,0.0,1936.91690164146,574.676262251883,855.380202176549,1748.15158376995,2038.7741037651,1749.38494406166,1763.32641283323
Madagascar,5811.81736639137,5756.19904206466,5742.19950595624,6452.19406669761,6699.75659217978,6762.23172449267,6603.47747034894,7424.85849767481,7194.3920972285,7558.25131923326,7405.38870798173,7191.73981342171,7709.84883411303,8328.64527430196,9106.77926681329,9420.20026716598,8966.6055379867,8015.10689898567,9622.42184123571,8769.61299480677,6551.00232727117,6881.56203365887
Malawi,13754.1890000444,13362.8669448356,14154.3308602846,14978.6433031865,15333.4559346542,15881.7633482085,16336.8047907827,16540.7929105899,18192.1237862252,17774.0114479111,20859.5384192585,21349.8053494045,21578.2604065583,21605.2659779319,22553.4575668375,22121.9552308951,21531.8920590386,20192.6263217823,15367.2647993435,15546.6884194996,15327.9163372241,12684.4430844036
Malaysia,3342977.35371073,3325640.93526343,3507880.3746092,3705487.32698113,3745315.19707603,3925363.56147701,4017166.8409529,4002144.14597571,4082809.43740372,4002819.20466474,4057262.4268573,3949772.55535643,4000442.69282784,4082348.30884771,4176946.58994335,4223870.89508849,4305485.2957593,4483813.01840564,4615633.13887025,4660037.96153877,4258598.1126838,4333101.28098704
Maldives,0.0,0.0,0.0,0.0,0.0,0.105495034703474,0.313952970064133,21.169189256011,21.1049363545865,20.9036105967895,21.6155622861375,22.552029860923,40.1596459741277,50.3314394492371,80.2686492673296,88.488589415092,126.623583208042,174.964132263385,259.341169020817,310.043988130176,388.752209791481,470.205053747791
Mali,2507.69156735035,2551.04275727866,2533.00763253397,2499.69107881993,2620.7249761208,4715.62805124528,5012.782422024,4911.66903427645,5946.8096526224,6919.81592169585,11928.9083069764,12438.7770882454,13227.3825944984,11996.4985927257,14649.429834534,11834.3656277195,15233.9858930032,15241.5143706463,13968.211415746,9808.66435175467,9644.75720482674,10116.8134595735
Malta,0.0,0.0,0.0,0.0,0.0,0.0,0.0,0.0,0.0,10.2973451215712,61.8483909328646,143.771367777102,311.845027361706,383.017434602779,773.149657449487,1008.47495736733,1329.21645431297,1692.23301059364,1905.65812042193,1899.13592867469,2255.26171545982,2439.69779659139
Martinique,0.0,0.0,160.996247830549,160.236607616663,158.511591297629,179.341558995905,334.883168068409,354.557849608067,343.085172266677,339.81238901185,257.328122454018,164.014762624895,0.0,0.0,0.0,0.0,0.0,0.0,0.0,0.0,0.0,0.0
Mauritania,344.403992082452,370.664332254164,364.924828415911,437.980060818878,464.967334473045,516.925670047022,69571.806192108,34365.591528071,29638.8136465752,26487.6802042792,19755.4936218184,18778.9384297218,16235.6115121798,17324.2318038864,15772.6660709169,14978.8396893558,13790.7359129355,3298.07389316481,4161.94550136,4274.8489272494,4452.13840261196,4617.93907269487
Mauritius,5435.12550005119,5668.98390506368,5527.53784218218,5843.29495775429,6038.23488449767,5732.60018578677,5193.51468179092,5458.31381299571,6169.29518857715,6851.84725349569,7430.28667765778,6309.69012083583,6274.77164172135,6546.15684713416,6804.33214669945,7394.08345298016,7168.02215319569,6055.70302222716,6221.78674937904,6614.2717467771,6229.29136165873,6389.04505591037
Mexico,9897063.58312118,10109311.2479522,10184173.2042869,10702424.9779436,10858742.6662574,10839395.4609776,10908220.613117,10513243.8629015,9899350.86092864,9715171.49975839,9344149.49920747,9388944.33169202,9180450.1630841,9085002.64846509,8842154.53300649,8117434.74177821,7744524.30727689,7039629.68505854,6593453.33779367,6103634.80414348,6146364.92711627,6190042.37258037
Micronesia,0.0,0.0,0.0,0.0,0.0,0.0,0.0,0.0,0.0,0.0,0.0,0.0,0.0,0.0,0.0,0.0,0.0,0.0,0.0,0.0,0.0,0.0
Moldova,4218.94890301004,3913.77927291896,3735.11294966873,3824.31370178434,3698.60379694467,3787.27174585471,5770.28535651695,3691.57290474281,4002.66034311123,3645.2601730362,4148.12933395877,3567.32108709146,2670.61645727949,3160.81439741209,3331.14894459418,2792.30659932068,2775.08771853637,3421.39172262263,3531.37107660343,3525.54127162146,3332.5310347136,4045.24109818733
Mongolia,135045.51094582,133748.591400833,144799.199618039,148077.910179039,177133.924946338,195523.957243179,211258.99916086,244888.481681383,268718.381799577,393317.775423928,675513.005588472,889314.670697719,826225.866601615,834876.185516678,697001.459133905,678390.530518751,1001574.5213056,1347578.76573552,1433660.28732968,1566066.88394463,1231718.31548134,1444409.388664
Montserrat,0.0,0.0,0.0,0.0,0.0,0.0,0.0,0.0,0.0,0.0,0.0,0.0,0.0,0.0,0.0,0.0,0.0,0.0,0.0,0.0,0.0,0.0
Morocco,11783.9426067914,15258.5445581315,14379.8073990952,20642.9615802037,21571.6828174968,14808.4278756938,15479.9929991887,15338.4856565075,15443.6816831935,32937.5422728102,45261.8452332187,30208.7110956083,27502.6800174098,46120.9292967431,40349.6599845874,47420.6230505263,49401.5455413188,49325.5832942314,66528.8931612393,75697.8172381433,69138.6435886151,80309.326592117
Mozambique,105992.009872913,131169.090694843,138264.353809412,119454.637529959,168660.172297266,226143.049490968,254388.874432169,269967.343484049,278543.551592555,285535.258674628,301113.477662622,347074.72770201,484263.59501802,537740.322132291,575407.421321959,594949.50785108,600445.252964339,789351.66275015,807896.170237394,657202.387521208,563015.407193695,653015.951390016
Namibia,14701.7454120197,14782.9657216661,15520.0382908649,15991.6134401429,16759.9589198693,17311.7351948401,16649.9725124012,16278.3765658292,15355.6605890267,14375.0937897134,12794.3542484138,14341.0408070142,16124.0978586123,12904.9810747844,15050.3717376243,15013.5640040939,13665.6067108371,16349.4261370563,13337.4360613165,12401.7595252071,17512.3614506067,13865.4954825628
Nauru,0.0,0.0,0.0,0.0,0.0,0.0,0.0,0.0,0.0,0.0,0.0,0.0,0.0,0.0,0.0,0.0,0.0,9.72022957018806,9.60522848225248,18.7905447351622,27.7680149851058,33.8769782818291
Nepal,17686.2686192819,20134.2274335216,22725.4440728063,24118.8159850862,25284.9475975642,26449.4164557536,28546.284047772,29065.4756721177,29204.0345132337,32002.8806189987,32927.2427863473,35758.6822337146,35530.3920210178,35434.3871008239,38223.3339943039,34177.7984260452,41463.7700941101,46226.9400800249,48221.9266772153,59237.4928516375,58957.231223155,57121.2069667945
Netherlands,2620649.44800395,2788181.85697031,2758600.63309225,2667013.47070157,3105496.61153862,2855890.73571018,2798889.59818962,2791501.00208154,3041622.36341953,2879717.81458724,3200359.24349589,2961536.65255542,2965715.45510044,3168845.24148893,2657925.61163232,2136766.41016953,2048586.05676314,1851064.07433983,1637904.8241749,1498736.19823182,1219599.83025405,1197741.6386349
Netherlands Antilles,322.878742577299,327.056763753674,321.992495661098,320.473215233325,317.023182595258,316.485104110421,313.952970064133,312.845161418882,311.895611151524,669.327432902128,701.692617432514,914.085024876531,965.548328244458,1600.53977448574,1876.27967662383,1976.24516360372,1714.28851112426,2148.17073501156,2793.77675634796,2452.16608793867,2202.92918881839,2521.10950686151
New Caledonia,4789.3680148966,4033.70008629531,3488.25203632856,3471.79316502769,3519.25734697993,3755.62323544367,3296.5061856734,4442.40129214813,5021.51933953954,4448.45309251876,3221.74809312431,4274.63475091132,4588.23955254409,5167.31749620749,3523.99437445894,4025.30660423057,2803.63119746304,4218.96844264443,3940.42972210229,5017.07544428831,3878.26609291977,4245.73130539965
New Zealand,704403.607752567,705427.711795163,728837.420626242,656155.350133793,665442.567981716,625453.605715969,639237.455329174,680922.337146035,706602.183380818,726027.812626206,771312.329336927,735359.037041958,716495.821072351,710482.834689808,745059.101310813,715798.954935174,703228.324153127,651422.373675898,636115.526156181,631897.107322858,601399.871841988,585537.171601097
Nicaragua,4037.06054469149,4744.50345285329,6507.46833731079,7427.5008850577,7432.08014397482,9497.71797435375,8438.00932542369,8199.67168078891,13607.7366652086,12614.4358388754,14046.667042218,13406.3843484907,17704.2763775916,22127.0735549514,24417.2035940537,22537.3063191121,23761.0634391234,24562.1355829743,26307.6834482135,24512.1340732059,24588.3088451663,25459.2584386893
Niger,3378.77625924354,3487.70014623559,3906.30959428346,4034.45534368587,5052.87232943662,3888.36918936712,3765.77642243882,3658.5611454388,3906.30959428346,4077.17059348667,5074.57167633543,20964.6561660057,51226.3498961534,50919.2525705931,51611.9305986935,37298.9810038988,35575.5180806164,35317.8551565195,34585.4608198609,32472.9048186742,29597.5956359847,24638.9128110331
Nigeria,5463260.88067378,5754556.92799732,5437817.51605777,6022877.13660253,6224298.06140887,6905591.21619872,6702376.85642848,6653339.0030782,6257059.33856952,6055193.47048382,6733529.14357835,7358180.01927914,7381359.08763483,6861494.08817838,7163676.85181602,6810196.78284474,6039002.31122892,6301572.53867567,6268864.5387487,6377806.47759021,6036794.95981692,5434155.45565235
Niue,0.0,0.0,0.0,0.0,0.0,0.0,0.0,0.0,0.0,0.0,0.0,0.0,0.0,0.0,0.0,0.0,0.0,0.0,0.0,0.0,0.0,0.0
North Korea,731623.785798738,753959.065041567,730617.458187279,762292.28510036,806174.083857902,882099.93558286,883757.232720202,797601.135451232,839691.622759053,644117.368979437,660829.585028473,709901.646779707,723648.641403424,786037.986600075,778103.771942229,794124.495503094,933661.277092693,665085.131214161,624873.199028665,665767.725996668,647228.034130504,702105.050886695
North Macedonia,61000.5644834296,59106.7688242924,56989.8288095614,62200.20785285,62289.7924859475,60018.3062454806,59973.8538194427,52586.3529401329,57964.936180869,60941.2605521019,68280.8779762912,67775.3764311873,57806.672069408,59256.4104563377,56595.5247000785,58853.8239906781,53279.6268389981,44971.6149529263,50550.6561027662,47439.2259842371,45714.9951175243,41397.7133584362
Northern Mariana Islands,0.0,0.0,0.0,0.0,0.0,0.0,0.0,0.0,0.0,0.0,0.0,0.0,0.0,0.0,0.0,0.0,0.0,0.0,0.0,0.0,0.0,0.0
Norway,10866774.2361571,10867889.5723744,11278567.6718387,11216866.2237847,11386466.7365178,11243423.2508536,10680923.8257126,10465130.4133682,10683661.5944944,10421794.3915797,9984836.63217076,9578917.10390987,10004959.7644886,9474510.08745427,9628242.91267804,10056068.2706539,10167639.3999604,10377595.3019523,9990044.74633385,9357827.38817796,10016423.3861656,10229919.9046696
Oman,2560789.90104724,2615527.9791278,2620685.47956006,2478522.80356615,2382622.16042256,2543173.16270741,2606234.94892314,2527129.73972659,2635674.90624444,2782200.53740022,2987580.54461776,3013213.49391244,3225237.60519599,3281792.04769153,3313210.26072236,3361817.57793667,3440990.18866242,3386836.21954896,3579333.49141557,3580241.38890392,3508382.75359634,3691710.31292603
Pakistan,1213730.19487924,1185253.60932953,1209921.6567315,1321323.8055893,1403514.24807631,1581854.06098285,1743897.01379005,1746993.49298709,1748121.93635154,1786217.78983951,1858269.40016192,1829011.64864214,2007263.15092072,1910223.36687377,1946621.41861784,1969491.17368989,1952412.01411976,1949407.67409842,2063466.85164334,1958514.34078438,1911547.5359511,2033348.12547156
Palestinian Territories,0.0,0.0,0.0,0.0,0.0,0.0,0.0,0.0,0.0,0.0,0.0,0.0,10.0399114935319,20.1325757796948,30.1007434752486,88.488589415092,418.831852149677,443.534075287681,578.96475199625,1158.21159638593,1650.12354649491,1853.75565638568
Panama,36679.0251567811,27222.0246364308,36331.4865937605,30081.7524699014,39786.4094157048,39138.6578749888,37841.7979917302,38636.377435232,41055.8589479123,39984.591107061,42963.5033249229,41823.7644693482,53834.0054283182,52169.4273896893,52460.464059684,65899.7357238203,70654.6137197002,76527.3674060906,84057.2754938879,58328.6694396537,77446.844994459,77253.852579006
Papua New Guinea,166037.870831007,160221.534086449,133394.039673186,124988.624029959,114133.374869025,103447.517246352,122372.313935054,101563.192325729,107695.391296854,102263.657643111,83861.0158505313,81060.1421449345,77136.6732390651,84297.6593370545,306368.649021669,520622.288657204,564105.848549408,557600.929323279,481438.578780002,537091.644057999,556409.541901464,536575.77472048
Paraguay,570011.353183202,489129.930198715,512317.502494028,547534.565242341,543430.780855418,535197.805703608,558322.337356671,556025.709712637,572926.318128219,562918.391571517,554612.417030651,588994.51385248,603152.304118565,608195.367698615,556068.896313852,550654.653534292,623001.052993011,583515.060180781,573769.132150966,473323.031347756,430469.394544305,370436.538179365
Peru,408424.777198138,421365.95132965,425324.749528301,421729.734598389,429597.215282698,498114.188334556,533120.465741342,569156.481344973,632140.398067605,666030.24113498,852985.984491819,1046267.40287386,1064374.88974427,1116770.41111688,1161276.05323081,1115032.88340534,1154498.49999076,1158047.08203964,1177554.23941447,1225412.72890677,1105845.94875299,1103116.47524211
Philippines,242667.776377563,245629.706871715,318486.951967905,354689.206467835,403117.845903811,403003.251960527,414300.963076748,443609.435445208,468861.330095906,522587.810278293,527745.307817608,567295.150713909,558852.717791046,587343.853478652,574716.021718399,543931.419674387,653963.063489469,641494.604412414,682998.864998752,716801.700291613,638135.811210907,647091.101675863
Poland,3160250.78066711,3200698.63131793,3170747.14198926,3185595.01860854,3194485.37082319,3136952.46198144,3071674.35978131,2887909.10824429,2850863.93865976,2708986.57940069,2700076.27198213,2786112.0765078,2883797.95382262,2902232.75869539,2784390.43025773,2821168.37816177,2778513.22385325,2689998.61398569,2566937.70763215,2481374.94069449,2253136.10943311,2347087.59269674
Portugal,140043.273280527,172860.401535942,106429.252899182,190403.819610626,131913.346277887,89860.670560419,170277.515768706,178420.808535404,161176.390831072,200734.380963093,305217.657036112,263672.135320036,207092.456936328,309165.116499619,329486.612867645,254316.847463483,328995.000386699,234342.474495055,297990.090904704,272165.398014467,280157.835217749,288285.604475128
Puerto Rico,1635.91896239165,1449.95165264129,1223.57148351217,1100.29137230108,1490.00895819771,1458.83070274456,1486.04405830356,1710.22021575656,1621.85717798793,1799.97592725065,1655.13448362424,1556.09006040369,1234.90911370443,2949.42235172529,3471.619080812,3815.44116633445,3777.92174804388,3586.76471139939,2282.48083900917,4387.59219566037,4267.01830271126,4550.48675082199
Qatar,2984472.52858178,2879708.54869497,2961873.84873099,3312824.87959482,3904724.83019746,4348213.67214537,4601484.82918593,5390254.65469987,6228097.26935848,6688445.17747717,8210219.45571306,9679227.70367615,10378262.0330533,10614665.7115135,10311428.1170279,10322121.8229198,10416833.284595,10311277.5703643,10273479.1873131,10185053.204156,10254882.3943534,10422738.0915691
Reunion,8771.53917334995,8808.72883709895,8693.79738284964,8588.68216825311,9204.23973468231,8914.33043244354,8979.05494383422,9427.06753075566,9450.43701789119,8763.04069845709,9356.4505324281,8508.26581116641,0.0,0.0,0.0,0.0,0.0,0.0,0.0,0.0,0.0,0.0
Romania,1250479.78251054,1316290.98790052,1265376.72782956,1198249.97876687,1205060.60856572,1210954.56556339,1239835.69833178,1224603.39656338,1253855.57057696,1195937.36091777,1196611.76064096,1193530.49910589,1153637.41344908,1136918.16757802,1199655.354195,1194008.69245917,1114283.0166282,1149409.34293176,1133157.26706617,1087490.71159609,978960.883134033,1012259.38967611
Russia,44944609.9695266,46147837.3436118,47449505.8765983,50655440.3316102,53422638.90571,54734615.5015797,55869052.1994914,56338565.0327643,56491375.5324009,53756525.9798353,57142548.6826532,58143279.4002524,58929569.1263736,60287580.8370145,60003959.0838097,60860552.7414913,62157486.1351002,64811993.9641951,66976783.0496932,67843271.5562314,63494948.1631856,67632568.8640283
Rwanda,1194.651347536,970.268399135899,1051.84215249292,1249.84553940997,887.664911266721,696.267229042927,408.138861083373,450.497032443191,719.43920972285,1031.79398118143,1154.88861357363,1355.17197618819,1385.5077861074,1509.94318347711,2127.11920558423,2998.77997462256,2990.26461883607,4698.94143043939,5431.48110764049,6574.31794916318,7602.7237614973,6900.27434600256
Saint Helena,0.0,0.0,0.0,0.0,0.0,0.0,0.0,0.0,0.0,0.0,0.0,0.0,0.0,0.0,0.0,0.0,0.0,0.0,0.0,0.0,0.0,0.0
Saint Kitts and Nevis,0.0,0.0,0.0,0.0,0.0,0.0,0.0,0.0,0.0,0.0,0.0,51.2546133202796,80.3192919482554,80.5303031187794,80.2686492673296,78.6565239245262,77.9222050511027,48.6011478509403,57.6313708935149,56.3716342054866,55.5360299702116,55.5360299702116
Saint Lucia,0.0,0.0,0.0,0.0,0.0,0.0,0.0,0.0,0.0,0.0,0.0,0.0,1.00399114935319,1.00662878898474,2.00671623168324,11.6116693443582,12.6428777695414,12.6168579821041,30.3717324608823,29.7078512262914,29.2674877943015,29.2674877943015
Saint Pierre and Miquelon,0.0,0.0,0.0,0.0,0.0,0.0,0.0,0.0,0.0,0.0,20.5862497963214,20.5018453281118,20.0798229870638,20.1325757796948,0.0,0.0,0.0,0.0,0.0,0.0,0.0,0.0
Saint Vincent/Grenadines,269.065618814415,207.135950377327,236.127830151472,224.331250663327,285.320864335732,274.287090229032,240.289138188086,234.49455068561,243.652851431571,236.838937796138,267.621247352179,256.273066601398,250.997787338298,231.524621466491,123.413048248519,175.993972281127,163.636630607316,202.180775059912,240.130712056312,253.67235392469,398.008214786516,398.008214786516
Samoa,376.691866340182,523.290822005878,665.451157699602,576.851787419985,528.371970992096,527.475173517369,533.720049109027,544.350580868855,553.09488377537,558.116105589159,547.59424458215,565.850931055887,371.476725260681,322.121212475117,323.081313301002,385.711929194896,454.71502757571,542.097203129388,623.801958551405,602.518816932976,593.587600331611,593.587600331611
Sao Tome and Principe,107.626247525766,43.6075685004898,64.3984991322196,74.7770835544425,63.4046365190515,42.1980138813895,83.7207920171023,104.281720472961,83.1721629737399,72.0814158509984,51.4656244908036,61.5055359843355,60.2394689611915,60.3977273390845,60.2014869504972,78.6565239245262,68.1819294197149,68.0416069913164,67.2365993757674,93.952723675811,92.5600499503526,92.5600499503526
Saudi Arabia,22781940.0125516,22098748.1317604,21385581.8133838,24317877.2846281,25983193.7635156,27569315.5808325,26750541.7686291,25938872.9701725,27699174.4850695,25088929.6206993,24619439.3267477,27642503.7966501,28930293.1768072,28452741.4777005,28661099.7616229,29698729.5760382,30768541.8207505,30063759.79042,30788977.8010191,29394030.4452483,28121576.3309085,28049773.320601
Senegal,2245.22453160219,2350.72273147322,4486.87321515588,5840.95721774885,5214.89762536267,5040.09702675644,4667.82373432703,3958.57509807347,4481.86592007934,4661.03550497127,4978.89851202522,4589.38682027823,5121.78222566317,5663.82900767336,5742.25869458958,5989.92078569256,6188.34531862126,7175.09706635381,8468.32270422244,8981.05916950105,11617.7962093024,12643.7466003605
Seychelles,0.0,0.0,0.0,0.0,0.0,0.0,0.0,0.0,0.0,0.0,0.0,0.0,0.0,70.4640152289319,80.2686492673296,88.488589415092,87.6624806824906,97.2022957018806,115.26274178703,441.577801276312,601.640324677292,721.78326951285
Sierra Leone,161.439371288649,163.528381876837,171.729331019252,170.91904812444,169.079030717471,189.891062466253,41.8603960085511,187.707096851329,187.137366690915,185.352212188282,1266.05436247377,1537.63839960839,1164.6297332497,1056.96022843398,1234.13048248519,1268.33644828299,1275.97610771181,1360.83213982633,1728.38402355348,1784.55682404309,1758.10410076699,1758.10410076699
Singapore,5273.68612876254,10313.1899503658,10153.4966965133,10575.6161026997,10123.6069642086,9725.71870927249,10602.8223004433,11601.6478963421,12975.3300889254,13570.013251141,15666.1360950006,15929.9338199429,32290.6657765928,45193.8798557521,44898.9165768365,44072.9915375565,47264.4056992527,58344.6141822376,51713.7358141381,60430.9987364081,21464.6755834868,23149.2684925832
Slovakia,295393.635846179,307152.485046558,319529.150772143,296946.221414512,288936.951535498,291594.449223561,294973.248588721,261935.407645532,280957.721606252,255640.079937556,261015.76315227,266571.764078308,271896.340919371,281958.982511467,276730.84333949,269162.517608885,269475.589914685,274314.661409551,257036.140511042,259660.872081386,255676.582703216,260354.444100102
Slovenia,143295.616579541,144504.675005244,148849.308137874,143233.241219429,157041.275918637,151486.447150185,148931.412112457,147161.928580001,162322.893369501,161424.52207363,159480.451410537,155880.959000778,149905.22476971,150852.950900317,165944.340643345,137345.706345899,147944.439929818,147843.622509629,148321.590282608,144893.02652844,155238.033418496,140096.607271327
Solomon Islands,0.0,0.0,0.0,0.0,0.0,0.0,10.4650990021378,20.8563440945922,20.793040743435,30.8920353647136,20.5862497963214,41.0036906562237,40.1596459741277,41.0301894390181,54.9438904234871,54.2631694424325,59.6299674153564,70.1994979558982,66.2280503851309,64.7804029744717,63.8201544407681,63.8201544407681
Somalia,0.0,0.0,0.0,0.0,0.0,0.0,0.0,0.0,0.0,0.0,0.0,0.0,40.1596459741277,40.2651515593897,41.1376827495064,51.1267405509421,116.883307576654,167.187948607235,165.209929894743,161.598684722395,279.531350850065,328.403057223851
South Africa,5491154.86320195,5458907.84063655,5391837.20430496,5843603.24621366,5990238.944652,5969535.56471632,5966100.41074819,5977084.80376621,6085757.59534599,5993035.01254838,6102802.24272055,6188012.49083223,6188693.30943001,6153514.45451097,6285840.99761292,6172579.64893202,6186313.72781998,6231829.5208173,6161950.59230529,6249695.50069616,5984731.27081094,5587893.61298996
South Korea,1251799.50445679,1274584.69600435,1319659.26744056,1439737.09343232,1442315.92692974,1581509.88537125,1617549.21279752,1575244.42686526,1646654.97486033,1626484.20309674,1640761.47839967,1715498.96322869,1657154.84331395,1550480.38988899,1714439.83710422,1807543.85089528,1822434.40498537,1721302.98165019,1609215.42240333,1722524.18735418,1900425.72878441,1988458.35879609
Spain,1481769.39647411,1651068.68489177,1470654.66175646,1647561.14579403,1605038.57255759,1429670.29558784,1525300.18674629,1517020.10349243,1464822.55643678,1527568.12046053,1835429.17790408,1642016.81354016,1636484.78748902,1819846.16114243,1814974.81980758,1638647.78204961,1700506.68093154,1558406.11114118,1668649.67654028,1616128.99273101,1628660.88136199,1707456.17603584
Sri Lanka,34182.0962141833,33686.8466666284,28764.6629457247,35006.3575439869,31131.6765308543,36226.9949171729,40479.0029402689,40951.4316297317,42781.6813296174,40242.0247351003,58475.2425464511,48322.8494383596,34577.4551837239,71772.6326546121,48652.8350371602,62345.1272756776,45243.5803077965,43954.8781163904,67034.7935253552,52940.8847335578,54224.9261186698,55610.2723585087
Sudan,378832.421682049,424323.96332644,482426.147618907,541787.370152428,685480.354886634,699923.639046214,755928.172898116,924514.222438115,954615.947115307,980990.003316926,1016499.5032813,954312.042497183,248746.471260514,347513.884899808,313361.74396529,296006.565506314,285922.297358781,291788.204689855,224963.904692367,229947.850494904,223360.141030427,224848.38739545
Suriname,32048.422298272,32244.1448350827,32293.4876871981,32373.4683062176,32480.4824407018,33001.4153935241,37253.7315294429,41935.5310750545,47637.9544968444,47831.0457109063,51277.6591239665,49513.0356284053,46923.0615322456,44861.7039886075,42113.2616212246,43690.6796773166,46752.0004182716,48214.8046411098,48847.8462509107,48283.2011811708,47280.3008080871,45836.5758046695
Sweden,1468014.16489507,1631543.93601881,1448927.1468435,1307784.8985385,1524068.04088841,1601040.74516898,1442217.28964663,1496517.93147408,1507993.58824155,1370907.17174998,1462040.90782475,1504549.43931328,1659961.7118215,1530535.59004764,1540235.05273087,1603474.16495453,1533600.09535542,1616306.87801734,1605830.13999248,1638925.04327396,1529427.37415153,1582653.50106251
Switzerland,655621.042125281,713640.488416588,647768.324536112,644855.029513453,625888.871530299,564877.955804622,606918.767325676,649594.252985355,656031.327483211,648204.497924195,642119.169677583,612200.92327509,654808.779241967,663206.698532461,678038.938469015,627355.974404048,574343.916922547,565468.902249654,622597.702123363,657682.871156555,657238.364476317,587871.587629489
Syria,1543155.82722293,1441454.14294225,1499274.5652108,1479825.15933611,1456401.87519583,1365983.224476,1306683.19196523,1229406.74566527,1196307.22744226,1203964.71818484,1345676.82574116,1201954.09776083,670981.391635404,402413.795405567,284608.981567692,256480.662809082,237022.440588613,207853.109082614,222200.720206163,231225.39735546,254428.319809943,319128.205394912
Taiwan,507197.903425193,484630.384604451,508992.18136487,504813.255392799,514729.774190651,527260.726524859,513534.006440437,524167.36386749,523541.299419547,525843.806967202,533017.825554691,542292.249693989,546878.163195929,560047.770045848,556297.284881077,496991.890856855,465218.445798865,363503.735046999,418971.520846497,491677.181033872,476931.467493136,460333.797972566
Tajikistan,151186.142328823,156578.139961845,163452.777262376,176231.480841587,175218.192225178,181763.457810671,177586.486582698,182357.645549284,179409.989109244,168823.82699093,173915.642070841,171190.369110818,178751.250280303,183246.173518622,180560.40044741,191306.674725719,193931.169457334,208327.741976969,221782.697629888,229911.342844196,218819.843914929,219069.65468068
Tanzania,24977.9952766912,30195.8570727402,31055.3673080765,28445.5707074286,31059.7133013206,35310.3185592763,35031.2367354779,47474.1982276236,49555.9539320774,54803.1403946185,60676.0888785959,43234.3417990505,43607.5581848308,46170.9446105871,55377.7734242078,71983.7546509394,90596.3120459309,76511.6713373382,89776.1295003636,98290.5845815224,99115.9140317101,101590.186634837
Thailand,1310413.70027751,1345019.32390815,1447379.13330499,1612933.18792294,1646712.48260079,1805396.24722556,1915529.5028749,1989944.70024611,2144673.12739437,2255430.3254415,2466976.68154419,2580257.44511004,2795989.04903921,2836492.01495376,2855059.13907993,2773704.29236452,2907037.69157301,2868604.13442847,2836068.77621119,2916846.64646145,2577199.64795604,2558183.10810753
The Bahamas,0.0,0.0,0.0,0.0,0.0,0.0,0.0,0.0,0.0,0.0,5.14656244908036,6.15055359843355,9.03592034417873,20.1325757796948,20.0671623168324,19.6641309811316,19.4805512627757,20.0917145215787,19.8540072728159,32.8176863799608,32.3312254476582,32.3312254476582
Togo,1065.49985050509,534.192714131001,912.312071039777,1292.57530144108,845.395153587354,770.113753335359,941.8589101924,948.963656303943,935.686833454573,1122.41061825126,950.055428100234,1082.49743332431,890.540149476281,377.787784505974,1202.02302277826,574.585907268664,1996.36689340925,2050.96843930968,1970.03236170998,2333.9735615545,1470.4089535113,1557.78564066443
Tonga,0.0,0.0,0.0,0.0,0.0,0.0,0.0,0.0,0.0,0.0,0.0,0.0,10.0399114935319,30.1988636695423,40.1343246336648,49.1603274528289,48.7013781569392,58.3213774211284,67.2365993757674,75.1621789406488,92.5600499503526,92.5600499503526
Trinidad and Tobago,860051.217763095,889094.115693109,995447.910952135,1383845.60744805,1397796.14731003,1586761.32796423,1809067.89439411,1859227.18280683,1866051.40297598,1904650.74882866,1959925.38677005,1841157.0313496,1797425.6138545,1881335.90609847,1850580.36175793,1733338.05343629,1613534.77928088,1490493.35539224,1554795.81466599,1563431.51824858,1366831.11685985,1168411.98639885
Tunisia,259041.946365073,256417.658917193,265718.535542151,270550.949459585,285223.796680892,278591.141957354,281123.39107527,257152.229518702,307136.18983049,251001.852398912,252790.288852764,223732.940320169,220562.006667068,215756.971840414,186817.208208856,153417.834429963,150281.441610597,146488.50578354,140796.945772659,132991.283115106,127562.528097107,157515.236256535
Turkey,1073548.80398728,969667.050005949,990962.558806237,958560.04529766,1045178.60888217,1100237.88372843,1200083.37616643,1216491.79749199,1238487.27788068,1269378.18599365,1398633.66432036,1426514.5853689,1432707.68767382,1435521.7156654,1258896.68213251,1503561.8673523,1688247.08547908,1665372.55644281,1860403.81509298,2205577.62012706,2046214.01054212,2049079.93939691
Turkmenistan,2160507.50909429,2250491.42800907,2512879.52181319,2748989.62844303,2760669.05364399,2892710.44905555,2683438.80773371,2892629.96147039,2912611.55496512,1782786.51751045,2091078.47653741,2871880.4073916,3116593.52296392,3369357.81050541,3540227.53676458,3728722.91120598,3549156.00492069,3609347.19456336,3758801.42302064,3794904.09660511,3586979.18201406,3899307.00851712
Turks and Caicos Islands,0.0,0.0,0.0,0.0,0.0,0.0,0.0,0.0,0.0,0.0,0.0,0.0,0.0,0.0,0.0,0.0,0.0,0.0,9.60522848225248,9.3952723675811,9.25600499503526,11.292326093943
Tuvalu,0.0,0.0,0.0,0.0,0.0,0.0,0.0,0.0,0.0,0.0,0.0,0.0,0.0,0.0,0.0,0.0,0.0,0.0,0.0,0.0,0.0,0.0
U.S. Pacific Islands,0.0,0.0,0.0,0.0,0.0,0.0,0.0,0.0,0.0,0.0,0.0,0.0,0.0,0.0,0.0,0.0,0.0,0.0,0.0,0.0,0.0,0.0
U.S. Territories,0.0,0.0,0.0,0.0,0.0,0.0,0.0,0.0,0.0,0.0,0.0,0.0,0.0,0.0,0.0,0.0,0.0,0.0,0.0,0.0,,
U.S. Virgin Islands,0.0,0.0,0.0,0.0,0.0,0.0,0.0,274.418972210609,4402.73288017898,0.0,0.0,7.07313663819858,8.88532167177575,12.5627272865296,72.0310791362699,130.51083732177,129.8378741664,70.3744620881616,134.473198751535,131.533813146135,129.584069930494,158.092565315202
Uganda,17015.7097338236,17192.2838813181,18299.9068367391,19174.9807114606,20447.9952773941,19938.5615589566,12741.8566387657,15183.4185008631,18277.0828134793,16187.4265311099,16954.3206760054,16881.8344985271,16905.8053674987,26052.2576990774,27292.0431015732,27467.5463990289,36087.7212142919,37592.7934581109,39671.4186251144,39992.0103125694,40642.812485035,40155.6804010805
Ukraine,3437501.83995082,3446009.32051343,3444333.28000231,3600032.62405912,3575783.11716653,3622814.8468753,3690104.58861013,3688897.51162802,3668764.06251755,3477628.72710776,3471896.41506025,3583167.01873605,3657022.33223141,3601272.73670571,3077794.04098553,2685332.8834773,2572593.55999824,2446014.31807205,2523468.77330735,2476296.56163924,2431458.71000761,2535093.21593792
United Arab Emirates,7139411.16080525,6956366.40893081,6856860.58471624,7522140.70332332,7833233.88473776,8007962.34907405,8301684.8835081,8350704.84729244,8642407.18476582,8004926.51486711,8137402.55550836,9011091.92313101,9500543.71059019,9536263.6786817,9737908.00290948,10262410.8967251,10525992.3810008,10397238.1660754,10294501.8928184,11324716.9786401,10599906.5640307,10641628.0417187
United Kingdom,11779356.568216,11812218.5101686,11640796.0514622,11093879.2941058,9952531.02701747,9037360.20757556,8235287.2912163,7731563.04018209,7368585.26377307,6951442.93239917,6701385.53971414,5836776.79415424,5237942.79853896,4943254.9134831,4956637.35067653,5458840.70833286,5507692.60060996,5624979.48388057,5817328.54900501,5768053.98526294,5636288.97370104,4752281.763311
United States,75194518.2974119,75621599.1765442,74542997.884069,73732340.2682349,74032836.2403965,73196726.7198826,74569077.8930393,75266050.713895,77172589.374436,76589159.0088638,79032893.3067147,82408178.693987,83619217.3473303,86372738.2556014,92591879.1105919,93157312.8430221,88986891.8437756,92986294.213451,101081412.276378,107078382.496879,101024513.182825,103751292.608529
Uruguay,75510.5752640776,99654.1959157444,101760.361712096,90629.8252679843,50396.1185932261,70228.0446021025,37779.0073977174,84728.8978842806,55059.9718886158,63730.2689574042,101182.783493991,79579.952523754,69531.3711650393,99535.4594667733,124607.047853455,126610.389075111,131593.807991108,138103.832685286,137721.507875749,149879.250786312,117856.184009499,126277.824946267
Uzbekistan,2544728.0880065,2801787.02266916,2592008.96609018,2597303.55734316,2687467.26222701,2647644.43565568,2688399.59887994,2796046.68138088,2875441.96694825,2593352.96805077,2539445.40478225,2641250.62387525,2601892.16632754,2540847.13239785,2527855.72148637,2371219.62074725,2209267.65813709,2224193.2080249,2333812.91261669,2335432.56942311,1941057.23658709,2092939.83702317
Vanuatu,0.0,0.0,0.0,0.0,0.0,0.0,0.0,0.0,0.0,0.0,51.4656244908036,52.2797055866852,82.3272742469618,93.6466762392505,104.660285063439,125.4768197906,98.9417198636377,90.9035869403987,104.696990456552,110.178359054624,108.545170576778,122.447134719022
Venezuela,9879018.40979096,9729468.90059147,8600142.51389336,7733473.69129373,8515589.68466953,8462851.12665538,8403121.05592785,8132839.01869813,8129923.10180829,7986491.41594512,7656305.16686796,7960471.99167308,8001514.36259673,7954606.37020377,7752305.91482362,7819511.88325172,7196990.21589234,6525037.14355549,5108347.12332724,3398466.49179737,2446186.33503812,2637663.19611094
Vietnam,1256572.07565044,1445990.28163772,1523731.24673367,1658736.95041292,1997768.63511219,2174672.47921412,2350366.48496036,2384750.88864752,2360008.7914072,2590659.77759231,2554466.30094971,2727242.23498041,2804026.6449549,2742156.20701378,2813229.21912668,2894015.90804061,2807700.37513856,2920935.54085738,2941827.88503289,2868675.2563944,2805186.46708015,2863092.82618077
Wake Island,0.0,0.0,0.0,0.0,0.0,0.0,0.0,0.0,0.0,0.0,0.0,0.0,0.0,0.0,0.0,0.0,0.0,0.0,0.0,0.0,0.0,0.0
Western Sahara,0.0,0.0,0.0,0.0,0.0,0.0,0.0,0.0,0.0,0.0,0.0,0.0,0.0,0.0,0.0,0.0,0.0,0.0,0.0,0.0,0.0,0.0
Yemen,967791.245315514,972017.111739943,968669.839137042,946713.927406975,894006.1084019,882224.867878979,826580.278412723,702639.655304464,659546.625327373,660234.438057549,869141.174200999,856413.493931253,667619.621825255,703833.174194651,650985.369239266,215037.005047177,61593.9512807575,84097.8695722087,111900.503325888,145966.804631359,138203.996060279,135720.024398199
Zambia,88860.8660648517,91578.233452948,91580.7223653573,92906.395684221,94366.7531426483,97063.5053983198,102251.851850493,100221.300087426,98472.5534181922,101305.281306017,107018.484188668,117203.227216742,125752.186946244,136865.558185062,144307.917342342,131864.536781888,115568.466566859,142861.89961002,162921.080458518,143594.211341438,149501.151221378,179439.795343642
Zimbabwe,149425.278878235,140404.049255301,143912.446641571,149207.784449653,142244.394324814,145748.13707754,147248.823364968,144074.102147573,125755.879745269,99684.8197544663,125232.806703935,120914.935066817,96819.9387366463,132719.38701952,207004.017114889,163900.016295099,101815.465325335,117540.922883639,138789.319702024,110705.134501339,106932.027374805,122700.049048894
